,frecuencia,S1,S2_1,S2_2,S2_3,S2_4,S2_5,S2_6,S2_7
0,6515437500.0,(-0.010566805618423526-0.00721813919829502j),(-0.010251899053081793-0.005118984723139921j),(-0.008783393882820489-0.005347539358506926j),(-0.011964941411384796-0.0062616190523025195j),(-0.011894743430123889-0.00631984768213845j),(-0.010354085847101239-0.006274906002637881j),(-0.00887249633721295-0.005588625511112036j),(-0.011829231204864761-0.005875089882540613j)
1,6538218750.0,(-0.010550801694519477-0.0061367154852562875j),(-0.009793114059186717-0.0046519397470216025j),(-0.00886190448991278-0.005527044433351596j),(-0.01138692057873604-0.004889069554293182j),(-0.011386753167865516-0.004639600087947729j),(-0.010202581747738018-0.005259149085579708j),(-0.008421042555099414-0.005256622495264669j),(-0.011435895686436529-0.004708293665417154j)
2,6561000000.0,(-0.01079446845439783-0.005004390465528915j),(-0.00986441616899974-0.0037618151246858276j),(-0.009383746572992947-0.0048756202063031835j),(-0.01150858112245755-0.0033203847104816987j),(-0.011607631757397268-0.003133502157258849j),(-0.010378847129737861-0.004277825410304977j),(-0.008578249191331268-0.0053119678354162005j),(-0.011349321896098975-0.0028927299510164116j)
3,6583781250.0,(-0.009761343403966423-0.0030442156045926688j),(-0.008115357417566152-0.0025491334921825025j),(-0.00843916238330954-0.003797770254743754j),(-0.008968526760526294-0.0011242335675245721j),(-0.009084531092083644-0.0006265935795412453j),(-0.008788020534202346-0.002609162683997304j),(-0.007890494015804252-0.004649070416960358j),(-0.008867683991392662-0.0012219810580258034j)
4,6606562500.0,(-0.007054028500773257-0.0030193654953516885j),(-0.006055475853765924-0.003994447736938533j),(-0.006876743230828222-0.0046664368278319926j),(-0.005908678778929597-0.0025391948692752393j),(-0.005941670108932781-0.0021389394478171894j),(-0.006463413064094527-0.003788653860781606j),(-0.006800239095661126-0.005801523903564195j),(-0.00629372967911608-0.002422171645990484j)
5,6629343750.0,(-0.005961783385370502-0.004690827312317094j),(-0.0061412368947042426-0.005734443285212928j),(-0.007171044631913892-0.006074994510100757j),(-0.004930088345175606-0.00437786613189217j),(-0.005050381930944653-0.0036234951123631466j),(-0.006325849898107328-0.005304801876596701j),(-0.0073898796632378945-0.00695226455584638j),(-0.005471758471242588-0.004064049720184647j)
6,6652125000.0,(-0.005323895236900816-0.005769045436769487j),(-0.006239721329555635-0.006932713419814965j),(-0.007352977638289876-0.006540597834803142j),(-0.004179433626136921-0.006839998482985209j),(-0.003786537490184948-0.0061694605979275225j),(-0.005883091953547602-0.006602072118813229j),(-0.00778923860197999-0.007635803136908069j),(-0.004789337232938198-0.0057175117913977405j)
7,6674906250.0,(-0.005014180307217822-0.008097470063536488j),(-0.0073983720823285835-0.00870781737157856j),(-0.008060782767354394-0.008090423345857614j),(-0.00564210135223557-0.009587042130332624j),(-0.00550164416059862-0.009104568054854451j),(-0.006964327964872162-0.008801544380001608j),(-0.00909903594635596-0.008591227709705709j),(-0.005224777329907204-0.008260782147451561j)
8,6697687500.0,(-0.006652219292183022-0.009995094804560983j),(-0.009688117001997553-0.008857844691841005j),(-0.010427574736369252-0.007908018018531306j),(-0.008154981781151139-0.010759613331410317j),(-0.0077221640721591035-0.01003888493942997j),(-0.009257846565850145-0.00923639766437624j),(-0.01094606268564772-0.008138306962262908j),(-0.007430545792754574-0.009778061191856863j)
9,6720468750.0,(-0.008670859238264684-0.011124943877189089j),(-0.011116707826411717-0.007951805258322304j),(-0.011050058125260621-0.006548498827736936j),(-0.011094439327638757-0.010492991213010824j),(-0.010606259030163358-0.010185871308861776j),(-0.011076004172732154-0.008695922880515978j),(-0.012165936214923711-0.006821384285908477j),(-0.009475827852224943-0.009916850151935237j)
10,6743250000.0,(-0.012398771256076286-0.010698339533714844j),(-0.01258423383392225-0.0062311808697095485j),(-0.012083675684368326-0.005363387901485955j),(-0.013379346287636679-0.008069899580104645j),(-0.012932640673695737-0.007682350392882427j),(-0.012931024945778524-0.006794187374143754j),(-0.012784710366307833-0.004479106882266845j),(-0.012059008505454155-0.009237201050766832j)
11,6766031250.0,(-0.01375725429158758-0.006504691837075167j),(-0.011327208731153737-0.0026799551944472573j),(-0.010715867442051389-0.0018279095513813223j),(-0.012747357036153994-0.004331159185038537j),(-0.012314322539281108-0.004388330465411295j),(-0.012011393638866278-0.003258234883224405j),(-0.010653946877577205-0.0014703758669745795j),(-0.012935322963444363-0.005710336421480125j)
12,6788812500.0,(-0.011307608679645696-0.004761930251193594j),(-0.006865135119179576-0.0033667788512450935j),(-0.005928287438542812-0.002953288850475988j),(-0.008936088186974462-0.003852371205924198j),(-0.009089982026225987-0.003664381129351338j),(-0.008206709541479881-0.003205929356869213j),(-0.006295624864230771-0.0023184869787392956j),(-0.010085489908384562-0.0048407832147245j)
13,6811593750.0,(-0.010837964763832825-0.004620414696541146j),(-0.0072311293290580015-0.007005031852172513j),(-0.00650046456362464-0.006791431573408926j),(-0.00891621251966562-0.006543366718624805j),(-0.008768884641865026-0.006023236997050562j),(-0.00808373490544873-0.0057153657909890885j),(-0.005940473835609853-0.005656791475303624j),(-0.010821454204779004-0.006127089993457661j)
14,6834375000.0,(-0.008955477621421501-0.003069588801584732j),(-0.0084787892371878-0.0064844545464760595j),(-0.007498113806698077-0.0064520303782137j),(-0.009689258253316799-0.005167722109712662j),(-0.009508665316403419-0.004654482868174285j),(-0.008300623674458465-0.004811737772807981j),(-0.0061335985708625435-0.005831932882435347j),(-0.010565405543866842-0.0034745906610375394j)
15,6857156250.0,(-0.006087198470011271-0.004584771769513469j),(-0.007392694104733829-0.007627672526989751j),(-0.00661281796157031-0.008138863066104115j),(-0.007479999988797177-0.0060619712838444985j),(-0.006890095890971234-0.005571661519540669j),(-0.006129385821373019-0.006328574686177346j),(-0.004777402691811878-0.008470048266816433j),(-0.007149548231552247-0.004215666879120475j)
16,6879937500.0,(-0.005304849011783205-0.006638805574055933j),(-0.009026676010995674-0.008833710183769657j),(-0.008664243089557256-0.009534854480678367j),(-0.008684970848213543-0.007236162209702839j),(-0.008361392164023393-0.007265689777347525j),(-0.007468732262334354-0.008352664800735104j),(-0.007416221731793104-0.010727242492273213j),(-0.006879550025740163-0.006312342622839573j)
17,6902718750.0,(-0.0043130310660024086-0.00951356871387165j),(-0.009092165823184423-0.008587476287792448j),(-0.009253884599117116-0.009214536606831351j),(-0.007300457969684896-0.006796519093338206j),(-0.007183561658500094-0.00638837312269674j),(-0.007280713541179639-0.008470080255025355j),(-0.008146450638801036-0.010499053979655648j),(-0.006041253306089617-0.007886429112019214j)
18,6925500000.0,(-0.006743543761287111-0.013528606441922582j),(-0.010084729192375533-0.010090260580820019j),(-0.010339208349789897-0.010363582577068398j),(-0.007295795314309913-0.009816618260632392j),(-0.006898567299377597-0.009551981350397582j),(-0.008104584570518727-0.01099799745609769j),(-0.00973127881556934-0.012553250337556582j),(-0.007338719296732622-0.010994143493581332j)
19,6948281250.0,(-0.010856357364026395-0.013816275509874427j),(-0.011678539945167418-0.009432090031985783j),(-0.012153566312367574-0.00978667094062127j),(-0.008838111359442973-0.010233878890969852j),(-0.008519157577379722-0.009836843306804522j),(-0.010294063305571432-0.010978270225863833j),(-0.012576247718474584-0.011675924191394828j),(-0.009823716291630938-0.0116167408309539j)
20,6971062500.0,(-0.01337152952131703-0.012733534941611273j),(-0.012250938673088366-0.009553090175695946j),(-0.013118200325429064-0.009327001504674002j),(-0.009611964975149106-0.012168441034367563j),(-0.008832215455998688-0.012096908442841597j),(-0.01128090879846111-0.011818691349082621j),(-0.013747794696797763-0.01129478367886241j),(-0.012027888459726339-0.012004912370669156j)
21,6993843750.0,(-0.015479781660998646-0.010465329540543331j),(-0.013993966229029308-0.008131348348227839j),(-0.014628825901632257-0.007424557136070339j),(-0.013437411037042957-0.011653828075776106j),(-0.013135622529910185-0.011992861347976128j),(-0.014667670210984602-0.01081884238265952j),(-0.016703781928573427-0.009008527924209864j),(-0.014454705786948435-0.009894882396574678j)
22,7016625000.0,(-0.015189990077607744-0.007758665050661259j),(-0.012484592172276758-0.0063762096564601335j),(-0.01293550614486484-0.005109337605867455j),(-0.013236667645474019-0.009237677493409301j),(-0.012954003455242839-0.009605846466156127j),(-0.014294525618683544-0.007876610788093654j),(-0.015107977216855653-0.004866830026486946j),(-0.013367113989600755-0.008020902602138153j)
23,7039406250.0,(-0.014413822410017655-0.006143083222032523j),(-0.011741207725110298-0.007103654080959067j),(-0.011274412752688909-0.005571150462883664j),(-0.013508518770777005-0.009258334536912268j),(-0.014084424484634019-0.009989495462680659j),(-0.013929630171787851-0.007607332049208484j),(-0.01248654862617006-0.004479783712172755j),(-0.01326341741634611-0.00818082907887065j)
24,7062187500.0,(-0.01186296775563304-0.004213665964510725j),(-0.010596867466403858-0.0068378671172407025j),(-0.009710226485974676-0.0055948626082108j),(-0.012744388543169068-0.007642557476700076j),(-0.013751489504472136-0.007168048785108598j),(-0.012899250369031558-0.005644598807774921j),(-0.009915893925354191-0.004277704150802471j),(-0.012429227361377273-0.007206381582749503j)
25,7084968750.0,(-0.007935395697052037-0.006398772591265618j),(-0.009175413015852583-0.009977178347003979j),(-0.0074923580811956676-0.008826389941223685j),(-0.011215779178849809-0.009670327940722475j),(-0.011590299857490114-0.008922805703135233j),(-0.00999072973872293-0.007250089447232943j),(-0.007135350284114751-0.007546223570772842j),(-0.011040576761804368-0.00910401126363446j)
26,7107750000.0,(-0.008274976749142609-0.010449184655100089j),(-0.012301828874425182-0.012736405825147313j),(-0.010275419914276912-0.012743206226053124j),(-0.013406367476990155-0.01101305880571363j),(-0.013527173106100958-0.009795171271894356j),(-0.010933504604811697-0.00975211082617908j),(-0.008364917317287349-0.011249125752798043j),(-0.012943415369525112-0.010896993806440205j)
27,7130531250.0,(-0.009808092543997922-0.012303066727593827j),(-0.015300489077431543-0.012132311157192207j),(-0.013525460862192772-0.012406170915076682j),(-0.01477200605736217-0.010390507330293255j),(-0.013635281718873717-0.009674692360359661j),(-0.011851390601827296-0.01050923358492941j),(-0.010422277805234123-0.013357369536783114j),(-0.014535287554847233-0.010456936047322746j)
28,7153312500.0,(-0.011876187009703422-0.014685544806100095j),(-0.017252788297730127-0.01078692480688333j),(-0.014992242942694366-0.012159312075443627j),(-0.01576375118256297-0.009242538394212883j),(-0.015280690472347928-0.009717814016572308j),(-0.013287333710133352-0.011436403932904803j),(-0.013597650578341029-0.014298877655500019j),(-0.015433131924401086-0.010277538458811705j)
29,7176093750.0,(-0.01630887229709336-0.015050245944411324j),(-0.01800202761329902-0.008675704715317253j),(-0.017212417252755154-0.011362173904088446j),(-0.014933680175617555-0.008160281504195238j),(-0.01491472252817962-0.008343705036747284j),(-0.014575799505590594-0.011352499381449912j),(-0.01581495783947023-0.01366802516216038j),(-0.016755239284130516-0.009574379586637755j)
30,7198875000.0,(-0.019305342061222176-0.012405783273343143j),(-0.017417406922677132-0.007365010986534163j),(-0.017998679595238577-0.009688771365553994j),(-0.014490352623015063-0.008813212601221154j),(-0.014886868145494225-0.009211923783027605j),(-0.01591411080890455-0.011580311620841803j),(-0.018228238558641766-0.013289673651596293j),(-0.016865869262158238-0.008176452547919983j)
31,7221656250.0,(-0.02061827295681145-0.009256405372808758j),(-0.017123086562347595-0.007090707349977102j),(-0.018897948529171735-0.00899843475546698j),(-0.014766773434531642-0.009331440758255273j),(-0.015415420210463802-0.008951997740598051j),(-0.01757025945151781-0.010961147279912846j),(-0.020508981363788335-0.011037273831540975j),(-0.016666230287696815-0.008185765918361789j)
32,7244437500.0,(-0.01954554279894974-0.004931556447287119j),(-0.01735670745370795-0.0059705450745803235j),(-0.020013465195727633-0.006253407135339195j),(-0.015724014283651905-0.009424609885414936j),(-0.01599402009026399-0.00933630947673083j),(-0.019027149638302904-0.009597473153537706j),(-0.021236829553240216-0.008198598575381865j),(-0.0174426265117061-0.006949983141117505j)
33,7267218750.0,(-0.014459150235221922-0.0038358836010957895j),(-0.01498385446207186-0.004873650424730665j),(-0.01721246353105038-0.0036383111263078006j),(-0.015049242989087473-0.008784500839410538j),(-0.01604900639066427-0.00830737225930433j),(-0.018665758510558596-0.0071969880593280005j),(-0.019853965614268027-0.005177238131647717j),(-0.014878333325477298-0.0059447691961743935j)
34,7290000000.0,(-0.012425421742050337-0.007809611520565574j),(-0.013448708292039096-0.007919814566892395j),(-0.014633620348794061-0.00542289369974141j),(-0.015313925156551817-0.011228638073676168j),(-0.01556455763557979-0.010299208389304216j),(-0.017374642186353376-0.007518736709055616j),(-0.01750972617776704-0.005139217545493912j),(-0.014211028239070297-0.00931959178744408j)
35,7312781250.0,(-0.013968166098648897-0.009200931539293184j),(-0.015542471240072213-0.009029728506201729j),(-0.014963379007943447-0.006479046882143123j),(-0.018288688425956948-0.010145876231697722j),(-0.01890243853999532-0.009638456821068129j),(-0.018277392821847815-0.006524372541473156j),(-0.017034859884600854-0.004371888110778704j),(-0.0166695571025922-0.00944540868457359j)
36,7335562500.0,(-0.01299476389905985-0.010140519457251659j),(-0.014773617651099389-0.00936853589268755j),(-0.013382031327259496-0.0073585714147657525j),(-0.016247903852314106-0.008988593583841725j),(-0.016750626557525017-0.007612742342690618j),(-0.01490308366482947-0.005499128628090914j),(-0.012790707980160139-0.004485778598396729j),(-0.015454660325653732-0.009540536059909501j)
37,7358343750.0,(-0.014239530938169445-0.013972619835966895j),(-0.016489292251455026-0.012679635726799865j),(-0.01385685475653289-0.011343419070862542j),(-0.016931530271214593-0.011947202633161413j),(-0.016944468967337457-0.010767825918502859j),(-0.0137272320215028-0.009933897410568035j),(-0.011674403144417554-0.00990397182755132j),(-0.017058075216665372-0.012818861945657034j)
38,7381125000.0,(-0.018544574838677212-0.015050391658349413j),(-0.02016709968543768-0.012516466934572458j),(-0.01748823942867986-0.013067972748045092j),(-0.01911307428984345-0.01189833217674442j),(-0.018847426019228543-0.01034114232314241j),(-0.016144089911354624-0.011981022983286103j),(-0.014031436735849341-0.012539791302268021j),(-0.020849256079765274-0.012756857393443368j)
39,7403906250.0,(-0.021583128813263675-0.01378559640871444j),(-0.02260302197671315-0.01212963276916846j),(-0.02082641634326193-0.013228434984854525j),(-0.020954272691030312-0.012672012412630527j),(-0.019894620607899295-0.011912106207252303j),(-0.018549139031090987-0.01408656040076999j),(-0.01649692209228657-0.01578567438064548j),(-0.023421733600398523-0.011683142135376183j)
40,7426687500.0,(-0.023817985263370898-0.012003978968682714j),(-0.026294115966381343-0.009188260863990737j),(-0.024910912180452556-0.010875276082081683j),(-0.024011988298354874-0.010502873197985589j),(-0.023723394753237266-0.01007293219154945j),(-0.023556260968251287-0.013016397341033898j),(-0.022548184252652526-0.01572082013280099j),(-0.026134136074632813-0.008675633329334223j)
41,7449468750.0,(-0.025200289356021137-0.009540487871556164j),(-0.02486973771220978-0.004782257962007637j),(-0.024635697060077427-0.006559475852379628j),(-0.0229461358099449-0.008686697414530115j),(-0.022172147957176633-0.008082873532734694j),(-0.02386317799955735-0.009992380199378419j),(-0.024094484291649742-0.01288118768331362j),(-0.024822648708301663-0.004840743032239702j)
42,7472250000.0,(-0.02546590781736264-0.006507468334605967j),(-0.023401215647899702-0.005143957731470108j),(-0.02347861001507167-0.006315578385704497j),(-0.02450984741443012-0.009525367611517867j),(-0.024117637372507467-0.009713457081942937j),(-0.025572038414056447-0.010460026048317316j),(-0.02704976720585093-0.013279237583634682j),(-0.023212854522628935-0.0049361522000281426j)
43,7495031250.0,(-0.023123630119351042-0.003582157614886722j),(-0.023877623273040327-0.00303703833586011j),(-0.023892712496494897-0.004014096984328886j),(-0.026217909595249667-0.006018716866038184j),(-0.02615695804618451-0.005918245183032489j),(-0.027732600898726707-0.00596872850320113j),(-0.03076248124717145-0.007770793917959793j),(-0.023369125849706712-0.003104617171180854j)
44,7517812500.0,(-0.01892995453333647-0.0044326291734964295j),(-0.019473129617037288-0.0024844225404493008j),(-0.019223239670570366-0.003838698548154938j),(-0.022888585410171716-0.004314139065567765j),(-0.023133390562192574-0.004513903049816246j),(-0.02350429618298955-0.004195352687789264j),(-0.026699311071628005-0.00389604381323191j),(-0.018361878144239983-0.0028941336839155025j)
45,7540593750.0,(-0.01808452612034072-0.008699842330877656j),(-0.01902995034789217-0.0077117629882133346j),(-0.01973247911205948-0.009914185204480827j),(-0.022692942540871265-0.007282373755627352j),(-0.023223889903258545-0.006913125351189561j),(-0.024167064666968097-0.007587745912146499j),(-0.02622682839914106-0.006432659920017856j),(-0.01835717283867245-0.009984277506633502j)
46,7563375000.0,(-0.02003227579814488-0.011177324080213739j),(-0.022761735483331862-0.008439025993678163j),(-0.02479977535023068-0.010209372313213502j),(-0.025548419317934175-0.005594066975360978j),(-0.026109579395409456-0.005729522754365951j),(-0.02721351617366397-0.005121091364931335j),(-0.02906656810901864-0.0037757699805816896j),(-0.024389779818192334-0.010078707418568741j)
47,7586156250.0,(-0.021616768489605302-0.014758164112582425j),(-0.022987398573850744-0.008671320579395372j),(-0.026371665459503948-0.00984196364345885j),(-0.022208667687380616-0.0036095749788572157j),(-0.023998104027255145-0.0027764353360722393j),(-0.024505069149676463-0.0030076960481598023j),(-0.02594658580360165-0.000772411854870282j),(-0.0237991692540152-0.008943686846051187j)
48,7608937500.0,(-0.030370475151614736-0.018353432451589092j),(-0.026076394785321783-0.010706718582551723j),(-0.03103565404568902-0.009350317515087324j),(-0.02104225158870532-0.007616931382076286j),(-0.02162390817695358-0.005941313014344819j),(-0.023491650105493225-0.005374880999311283j),(-0.02425944415336561-0.002650426284893145j),(-0.027103283663528162-0.011755789398540448j)
49,7631718750.0,(-0.03936721578720239-0.009922249420827783j),(-0.029115619763348026-0.009855681646124785j),(-0.033092855422108755-0.004923062957892333j),(-0.022317572855499717-0.009330567951641227j),(-0.023537766593428273-0.008126725434771389j),(-0.024388312538211002-0.0067463801453181895j),(-0.02426515584707954-0.0026888268590508062j),(-0.030516880432291914-0.00967875380116629j)
50,7654500000.0,(-0.03606007901118941-0.002221640022907182j),(-0.03324448609798289-0.010796938030778032j),(-0.03420109179531026-0.002983778488018596j),(-0.02374753138545794-0.014341091222969038j),(-0.024598908051083425-0.011333065413082585j),(-0.026389334811661322-0.009349155625483746j),(-0.02298140121189185-0.004661380957943145j),(-0.03339955098888053-0.010832090595620302j)
51,7677281250.0,(-0.03687191391251174-0.0021482807200661753j),(-0.04016733709228265-0.005931139964899511j),(-0.03557683121383512+0.002574652625482857j),(-0.032065999028510574-0.017059018865965274j),(-0.031773288586897874-0.014429233148070788j),(-0.03142061398313135-0.009311023161369558j),(-0.0247195147913637-0.007244913571882716j),(-0.040851273177740635-0.006923954935167715j)
52,7700062500.0,(-0.039045304045103355+0.006624836578656744j),(-0.04055540235708645+0.0008536563008079514j),(-0.031074934938160017+0.005820565763242252j),(-0.03960927387712687-0.015526214005609596j),(-0.039112173166888295-0.011722220482552493j),(-0.0347124585720128-0.007480190579906682j),(-0.02704598806860388-0.009770868877887251j),(-0.042409327181147385+0.00019546442094317508j)
53,7722843750.0,(-0.03011121611727512+0.01350657358027335j),(-0.04224795915992782+0.005749347628627659j),(-0.03032477839774487+0.00528729495718591j),(-0.05085774152149805-0.010152823756508476j),(-0.04726906999736688-0.00646949947008193j),(-0.03970384119898847-0.004230948964904188j),(-0.03390095389963547-0.010963332466093637j),(-0.04409101020680007+0.006938200372798386j)
54,7745625000.0,(-0.021185639783544576+0.011966494296601068j),(-0.03999265937621871+0.016129446425226346j),(-0.02890648005855781+0.008595794100087593j),(-0.05577480593435062+0.005567317022346271j),(-0.050745438048041325+0.006726475508297096j),(-0.04043879852199515+0.003027426178557485j),(-0.03861661140016921-0.006524427983084243j),(-0.039533145307069945+0.017066378922487933j)
55,7768406250.0,(-0.013232177861117892+0.005689351012448418j),(-0.029714893091577058+0.022020629119361743j),(-0.023827948249945604+0.009199363602099352j),(-0.05182544989627483+0.01963804528217878j),(-0.0462944997642815+0.017148207222572678j),(-0.03888845822879447+0.006511522591482887j),(-0.04279058195453137-0.004001509764861619j),(-0.030504662658635853+0.020703475950026945j)
56,7791187500.0,(-0.01247159331304181-0.007381807106740206j),(-0.016473561738425305+0.020604322980412787j),(-0.017466909598989843+0.005453682102693002j),(-0.03873377600608024+0.034363435611226796j),(-0.03768623069828173+0.028238106924707487j),(-0.03637062346228158+0.012186136637529297j),(-0.046686075742695884+0.005779981769998217j),(-0.01968518523482444+0.021595291894872085j)
57,7813968750.0,(-0.019921451398161726-0.01683347778242273j),(-0.007260294750104573+0.00514296052932798j),(-0.016488345095111635-0.008566964491992691j),(-0.015302308933985468+0.03073459273335253j),(-0.01843905428427713+0.027250058286344678j),(-0.02905702555412922+0.00988320893170469j),(-0.03983723267931888+0.010913671679654829j),(-0.008106265459948924+0.009966933936429142j)
58,7836750000.0,(-0.03159157952152684-0.02763336478075932j),(-0.018254430177700683-0.010060066901420125j),(-0.03384137695089882-0.018345996131875653j),(-0.009888958421701847+0.015440616985374312j),(-0.013864538968580382+0.013489074919089093j),(-0.035264148548431504+0.004872763515722625j),(-0.04281510441332614+0.009309554618157155j),(-0.012759121955650408-0.006119720066980504j)
59,7859531250.0,(-0.06312300225127303-0.02926298907175021j),(-0.0316241435597201-0.009432741293857972j),(-0.05236861751135671-0.00967235946688133j),(-0.00834656674735086+0.007725304914242193j),(-0.014410254519113437+0.008893921425659625j),(-0.04018474386059522+0.014287704780740528j),(-0.045796225498298544+0.02043566211668279j),(-0.024470972533653733-0.013403241608193115j)
60,7882312500.0,(-0.09027325808732617+0.006699578620015527j),(-0.04127110518575677-0.005252972173685687j),(-0.06234267539210911+0.008274190427759214j),(-0.011409545640686797-0.00493467698841398j),(-0.015168545198693484-0.00046191379274501394j),(-0.03490584138225536+0.022441833474043504j),(-0.0383389906552493+0.030198224145894827j),(-0.04005473766740093-0.013161618737240071j)
61,7905093750.0,(-0.07490474815709283+0.05231861375140834j),(-0.04705899716330045+0.005261564403839696j),(-0.0577102455669324+0.03152529049812844j),(-0.01995006025007719-0.009226805749558968j),(-0.023090086278657978-0.0044992643778491975j),(-0.02456685620720079+0.027048738791225276j),(-0.025978241878679042+0.03668021704279787j),(-0.05037505960470559-0.002635364022292948j)
62,7927875000.0,(-0.035601223023895984+0.06817962156525766j),(-0.047015068065936874+0.011881661715163232j),(-0.0405915895449233+0.04270814048396735j),(-0.026941821317683398-0.016955792781565268j),(-0.029102093652612196-0.008409227654708543j),(-0.012768009183362492+0.019298406950929728j),(-0.009462381140775335+0.03179364432854635j),(-0.056836092818974844+0.006887898302912558j)
63,7950656250.0,(-0.0033982059445828187+0.05592543792106575j),(-0.05030594073286429+0.022962713227183205j),(-0.0250709764903524+0.04744433217207049j),(-0.04647699056640739-0.01734724628677396j),(-0.04291844559505706-0.006836629437424447j),(-0.012389236039851084+0.00925697057210389j),(-0.0002489999062686974+0.02082987361153417j),(-0.06015960297940826+0.026400865362141198j)
64,7973437500.0,(0.008797047221331032+0.03416011511954671j),(-0.038741259691173605+0.03454235094038829j),(-0.0005096630535679296+0.04063640511651655j),(-0.05838282660705293-0.008084727932648262j),(-0.04892073345759264-0.00012076439047849653j),(-0.011350374773242734-0.0029014562073726743j),(0.00859338210111768-0.0002303445649625424j),(-0.04539142297691193+0.040456023821516515j)
65,7996218750.0,(0.012944050235474397+0.020593211682207027j),(-0.033805495504784344+0.03013073993334587j),(0.002708885303035711+0.01145410343666061j),(-0.07929704029416025+0.002668611587390055j),(-0.06608591962697336+0.0049588690415715625j),(-0.032340958090465895-0.020218643186747966j),(-0.0133174868214579-0.03038737326278166j),(-0.037286891724970087+0.0423626903709783j)
66,8019000000.0,(0.021884577012940862-0.002712570295219115j),(-0.03690871061831005+0.04382060356381138j),(-0.01770029072106679+0.008280299740043195j),(-0.09153349524935783+0.04720536115026601j),(-0.07729593014632036+0.04146054626380631j),(-0.06218352533213288-0.00232188806768621j),(-0.05017101441685498-0.021279062904456178j),(-0.026657691987010356+0.05376944250893881j)
67,8041781250.0,(0.0017245492956673848-0.040350308465035525j),(-0.009328198659888893+0.05798498719163187j),(-0.009285628790019545+0.017933373605607896j),(-0.05525487267726683+0.08989880851221191j),(-0.04730830757420718+0.07381236685541226j),(-0.058875389575902395+0.025540940130276357j),(-0.05759406031602618-0.000259912997088582j),(7.774099235338867e-05+0.05372771848535261j)
68,8064562500.0,(-0.04687878334125975-0.04422474403292809j),(0.02094888072717841+0.032826618898023914j),(-0.0008185043918211745-0.0065045590193215305j),(-0.0010241600340759461+0.08845634754473952j),(-0.007830559377282387+0.07136016870622273j),(-0.04775681587924431+0.03257338159245128j),(-0.06320349290176946+0.008937278138745838j),(0.022196989758649463+0.028081611460722605j)
69,8087343750.0,(-0.07589324300638264-0.016562962481654314j),(0.011036225897848192-0.007180971868143137j),(-0.03384699889668069-0.02822824492878286j),(0.026999075840089284+0.051614715808194676j),(0.010931708826829806+0.04398103289165492j),(-0.04958273030031144+0.03558808104701691j),(-0.07370350094380307+0.02456227958683889j),(0.01045720190172773-0.011505220224742554j)
70,8110125000.0,(-0.09068134302562376+0.01191585813486289j),(-0.0260745073323502-0.014600199004319657j),(-0.07496479760451646-0.0057842717394038755j),(0.0202865740123335+0.02373266798558209j),(0.0011896700099732118+0.029273665406348917j),(-0.053941248512744525+0.05755135510692817j),(-0.080692132954827+0.0563406131512328j),(-0.03059671762436844-0.015534257905926378j)
71,8132906250.0,(-0.0974911871026223+0.056497539563665086j),(-0.0440735999309783+0.005876945259876076j),(-0.0821913812734902+0.039777212688697605j),(0.015713443555591095+0.010454916877447635j),(0.007050781193667744+0.03039015071518474j),(-0.026500233049867053+0.085588898476139j),(-0.055040594385314126+0.09879266916242374j),(-0.04376426134647417+0.00831432770491266j)
72,8155687500.0,(-0.0660123916829223+0.10786785831083372j),(-0.04970149898882434+0.021153053054206023j),(-0.06313478244297438+0.07476628232331042j),(0.0003051229790750807-0.006986659038578428j),(0.008694477964832172+0.009904915593234571j),(0.012612491633107294+0.07976950998467958j),(-0.005581496935126595+0.10829565949671456j),(-0.04922399444518275+0.018242530099506847j)
73,8178468750.0,(-0.0027070755173623454+0.1248773624443027j),(-0.053047592843251+0.04905336600303911j),(-0.03072810276127263+0.10124828168000265j),(-0.022341649188506688+0.0006486006768042919j),(-0.009636804369111768+0.007133495004921719j),(0.03596194160408095+0.06262069053117175j),(0.03332894512876743+0.09759446912505268j),(-0.05685799756360797+0.04846872338422166j)
74,8201250000.0,(0.05381818868727313+0.09708938668410755j),(-0.023186317807232158+0.07794649562636599j),(0.023838665268853705+0.10691227834938766j),(-0.02133046503304863+0.015122390875619032j),(-0.00983426701339518+0.013930061273316125j),(0.0600578259406737+0.03409419200933164j),(0.0763035796565967+0.07043129601020803j),(-0.0240739272256955+0.0790474275338762j)
75,8224031250.0,(0.07591370450065107+0.048013792163677946j),(0.01889999841747497+0.06856220167854427j),(0.07290788395710546+0.06780426541872928j),(-0.015396779885004026+0.012954390124251553j),(-0.010344700195144215+0.00918042271006551j),(0.05948529895135489-0.015579537689182448j),(0.09769809280099803+0.008298689893048909j),(0.016409382254329478+0.06654621174585905j)
76,8246812500.0,(0.07255844467206125+0.011951674182017475j),(0.033228144726543965+0.03727148691644405j),(0.07956332663988805+0.008180202317596343j),(-0.027022589813828893+0.005421887748969353j),(-0.02098470786282677+0.004865815881307892j),(0.020629632757670446-0.054053020029506425j),(0.06784597555372662-0.05700623884240913j),(0.026041120831798586+0.03961120513875175j)
77,8269593750.0,(0.07462306556930817-0.02193606165916024j),(0.026132974259548584+0.017692199692592538j),(0.05003435248462036-0.03473561437715557j),(-0.04729141924684989+0.02699092104056136j),(-0.04020920159871814+0.02007238844481969j),(-0.03708339855432497-0.051462078700043j),(0.0005751971500912783-0.07958274632734567j),(0.024792571882680487+0.02745013937764218j)
78,8292375000.0,(0.04903873274676998-0.07984840281491726j),(0.019525540521640582+0.009293293421803345j),(0.006408400058732302-0.047591600667479396j),(-0.028609041252398246+0.05996677907162689j),(-0.02779017523887175+0.052378006458710456j),(-0.06745498254489728-0.008152864952735431j),(-0.04809677177347807-0.05178746395770885j),(0.027777399083846372+0.012931341272112396j)
79,8315156250.0,(-0.030865412760230575-0.10059120757842044j),(0.012949108859464434+0.0052714091423676146j),(-0.027745139535981383-0.02930432937927873j),(-0.00015816836905662357+0.06199476209370827j),(0.00036142517293791645+0.05347491427732835j),(-0.06135517186196072+0.029751895848771498j),(-0.06774259282496664-0.022182635949396463j),(0.016258193646253295-0.0016268862355710914j)
80,8337937500.0,(-0.09410635819173317-0.055154242905051235j),(0.01512067587016116+0.005442421562997503j),(-0.032991053022807776-0.002605804676838334j),(0.025721269004790027+0.06172586288853302j),(0.016873091068606995+0.05098413038458283j),(-0.04377033411954513+0.057999473568056674j),(-0.08161876462557024+0.017937919261706944j),(0.007300936511433605-0.0007111095646090346j)
81,8360718750.0,(-0.11643274519515043+0.009553088502737466j),(0.020146196467377187-0.010239160193691787j),(-0.024633338813831722+0.009204358605663952j),(0.06075397749620255+0.033030029400835756j),(0.044830431244352466+0.03340170259990027j),(-0.007051251391071321+0.07298301758393128j),(-0.057095964223033396+0.06218726307902798j),(0.004288269709913578-0.0050676563746965214j)
82,8383500000.0,(-0.0937824949035885+0.08461204113711493j),(0.005195266551535533-0.030393170400248887j),(-0.015198855628448266+0.009840297808713212j),(0.05841179484888835-0.01620654515803237j),(0.04585443457441715-0.0038157919460433173j),(0.03019061335753767+0.05747679165233158j),(-0.01739495876029058+0.06872241734488066j),(-0.0022423748331301973-0.005729507958604581j)
83,8406281250.0,(-0.018065495957012137+0.11511753178175944j),(-0.024875802715891245-0.038334478376605224j),(-0.01947303513323004-0.004277199082614824j),(0.027893603000203455-0.04998999121628382j),(0.029205249155835826-0.02838713827342889j),(0.04530004611147908+0.022248394387482186j),(0.0042854077689796575+0.05856435512740344j),(-0.005381237458566997-0.013486404546534736j)
84,8429062500.0,(0.0344291789489491+0.09041638444130726j),(-0.06286141606946852-0.014554708900227307j),(-0.049787550033247405+0.009108738162444239j),(-0.02301968261620251-0.05245910728288599j),(-0.0030743130171924093-0.04142176293805047j),(0.030509208981573964-0.0036711275057563224j),(0.017790857094931466+0.052722818582694175j),(-0.0313236176331821-0.013070970909903352j)
85,8451843750.0,(0.0745757643403405+0.06732496206002361j),(-0.0563887501490276+0.037887183161789656j),(-0.03424702652801475+0.05584084206455784j),(-0.041850888460739255-0.01319426677664557j),(-0.024431061053523204-0.022000505510387187j),(0.025239687641839065-0.0065818669596383154j),(0.04360092287481751+0.04487915481322292j),(-0.03362927707237381+0.020117628891037277j)
86,8474625000.0,(0.11305681218522562-0.0032218599089019976j),(-0.014639101103477343+0.04563948094729341j),(0.01360295218449592+0.04816169895728002j),(-0.02662103670385568-0.005769347261628151j),(-0.02281593550491963-0.02185885637895137j),(0.024052403298574745-0.03458661381759523j),(0.0644956682393582+0.004154746648275415j),(-0.007044357184250624+0.020274828219790694j)
87,8497406250.0,(0.0681803406663274-0.08823814463153964j),(-0.0036656450427038443+0.030375765664408246j),(0.018532036800120857+0.020107406448600637j),(-0.03917614001779062-0.006869429556538182j),(-0.04993778595434001-0.018436025556957062j),(-0.016964594806629214-0.04979488504811366j),(0.04486676830375743-0.03747317742830844j),(-0.010248110397405145+0.007125784813307699j)
88,8520187500.0,(-0.009101650959290969-0.10124288830830953j),(0.0062830471420365075+0.02335218710617394j),(0.022047270793671952+0.005772087148126305j),(-0.04085129906412026+0.0069308587068885276j),(-0.05468765369670032+0.011212472073632938j),(-0.04154665793103331-0.031063008111171374j),(0.016698472363512677-0.06078716886721493j),(-0.009023818480532318+0.007712362456619522j)
89,8542968750.0,(-0.06097331854634182-0.08313039730049364j),(0.002255911883609983+0.00034074244387482275j),(0.006386951725972701-0.023889925935316785j),(-0.04981954343365014+0.010135859412349008j),(-0.05309167778502781+0.02171912874548463j),(-0.06220065795171177-0.01974511330718238j),(-0.035426828427811564-0.0744550035297012j),(-0.016476269132764215-0.008326642139965935j)
90,8565750000.0,(-0.10696024201990255-0.04646394577697183j),(-0.021436080407540692+0.005227119845710383j),(-0.030985135412924057-0.014201287283674341j),(-0.05683586534065547+0.04375591356909157j),(-0.051847665265405796+0.053638749489950135j),(-0.07876029159444659+0.023427457419722672j),(-0.0848448816966818-0.03155447883388193j),(-0.04657196577984313+0.002408295988041803j)
91,8588531250.0,(-0.12677145085549849+0.01537406259245807j),(-0.015518663891015314+0.023127114529420803j),(-0.029670740976720587+0.012632046795910661j),(-0.02240713406279974+0.06845685650951958j),(-0.011536713480582272+0.07176355876125114j),(-0.04715036248795322+0.058240040599592556j),(-0.07837619642033128+0.0170961813882144j),(-0.045767064810581015+0.03866882968327734j)
92,8611312500.0,(-0.1112353823238834+0.08291173170862565j),(-0.003974798105964948+0.02079247853599969j),(-0.019237942152794597+0.017915896724061582j),(0.011253525905688903+0.060329006306453464j),(0.019221489719656655+0.05505170760020319j),(-0.01922460750974979+0.05845773385163507j),(-0.06351202480371952+0.0407740233479425j),(-0.019181934341410925+0.05642478494847824j)
93,8634093750.0,(-0.046789291330052205+0.1372434517285552j),(0.002854364118294468+0.013867167199382486j),(-0.008770066075459673+0.016467631083409272j),(0.03573939781689856+0.03649515664647494j),(0.03736622062827055+0.029591107070280655j),(0.0050076706973235475+0.054059675379508745j),(-0.03804391681559134+0.059444993611895675j),(0.010664989613469063+0.05394851149332002j)
94,8656875000.0,(0.042911725597557404+0.12275603564324368j),(0.0007651059660739872-0.003746507394822653j),(-0.010541173931492252-0.00029563843923272265j),(0.03437621273164818-0.0031015563713664308j),(0.03069117618860954-0.007846107523784592j),(0.018639814030911313+0.028596912645334715j),(-0.014840097073308597+0.05154228415764131j),(0.03352318319223641+0.03014515413023996j)
95,8679656250.0,(0.07970898444682006+0.060196367980537124j),(-0.021992498409659028-0.00994028252405146j),(-0.03261997714010325+0.0012940782036242825j),(0.004010197667077581-0.02112117758520043j),(-0.0003269274267404384-0.019056310724951446j),(0.007150977871159715+0.01531680680312306j),(-0.011311964124966076+0.04928609208615721j),(0.03134703994154439-0.0034055606206154637j)
96,8702437500.0,(0.08298115238784769+0.016661280535864367j),(-0.03902960302352958+0.006137516337436721j),(-0.04002347354013891+0.019769359374553486j),(-0.018891568005933407-0.012465046051638505j),(-0.017043210133784494-0.009326030548558725j),(0.006103633664754064+0.014329066997538522j),(0.004835438552702965+0.05260159489390668j),(0.008030509722784906-0.02361592870475629j)
97,8725218750.0,(0.08414537439870338-0.03793261002155858j),(-0.04032725685183581+0.030050906354882684j),(-0.03859880300859584+0.040285297880689915j),(-0.027062216925063838+0.001887806555751671j),(-0.024604843597245726+0.00023927370935442798j),(0.0026251428849240165+0.0068647917574772566j),(0.02108847810821375+0.04107594732633318j),(-0.019765595132424933-0.0229314369020056j)
98,8748000000.0,(0.03135889530165531-0.09865495715553432j),(-0.019227948047333417+0.0493194350659813j),(-0.013568539123462321+0.061317944448729164j),(-0.02352306885220986+0.013485149481294284j),(-0.024882420873481144+0.010594897643380126j),(-0.0008731803433585485+0.006925968450948992j),(0.030331867936247304+0.025265067046067083j),(-0.0361716086246888-0.006580560075965895j)
99,8770781250.0,(-0.05431317982335497-0.09577954521401119j),(0.007558689444122537+0.038265961306027454j),(0.019712676571230592+0.0456554358091259j),(-0.016506687053847707+0.011982977456058076j),(-0.02109488481605474+0.0121268046190081j),(-0.0011096436411310016-0.0020387744425832983j),(0.03282576759798565+0.0022931085080288302j),(-0.03880214008262071+0.007443237005274893j)
100,8793562500.0,(-0.10667432255885881-0.04259047103117223j),(0.005498477161711418+0.015837296454259603j),(0.01906657060251342+0.017954571994304443j),(-0.024978817149604093+0.0054168322966536946j),(-0.02841957642470216+0.010353888007265534j),(-0.019714261848098526-0.009214551622226846j),(0.017393679208253295-0.02224484341209318j),(-0.043620888924845724+0.01770720889441915j)
101,8816343750.0,(-0.12090781500271265+0.024360922941996998j),(-0.008863304863617041+0.014208120196285392j),(0.007067741690162908+0.009480978896814292j),(-0.04030168469107462+0.01829364159815253j),(-0.03979625170268028+0.0255503064591472j),(-0.03780720881714601+0.0069765698591741695j),(-0.01499832449504178-0.028630219730633576j),(-0.04584746440454372+0.03806076005428263j)
102,8839125000.0,(-0.0918402995986744+0.08993506884278643j),(-0.012330347639378784+0.023622942314802088j),(-0.0018436909544114499+0.009054199378697218j),(-0.03639557361617786+0.04251642398567797j),(-0.030156534583308997+0.04911582124253794j),(-0.03577430987503379+0.029524777137591898j),(-0.03821870386346887-0.008303732382207031j),(-0.03184177027339309+0.060659791590441825j)
103,8861906250.0,(-0.02939774938449203+0.11862245726380635j),(-0.006405031281238998+0.03079328507874726j),(-0.006042010896430748+0.015220493487638449j),(-0.01702202144457427+0.0567452466953899j),(-0.007987808882490666+0.05696235412042473j),(-0.02165315298250152+0.04276769881521277j),(-0.039496463339313496+0.013127635623796794j),(-0.0039644439061178776+0.07184025091064741j)
104,8884687500.0,(0.027701905214062805+0.10720273153238652j),(0.0033431530679279313+0.03149590801262612j),(-0.0011592196207249029+0.01907994158927817j),(0.00712522445323146+0.057481630441946124j),(0.013073666786681102+0.05393400948199871j),(-0.004460584592104225+0.04495114093447674j),(-0.03551882942385554+0.02836223334672316j),(0.027107786214981756+0.063303218957319j)
105,8907468750.0,(0.06991337193435973+0.07346056498349474j),(0.012318234575766527+0.026087473208678894j),(0.003919807847969703+0.015121104199951274j),(0.02771526090433084+0.04377062816629776j),(0.032023680078176076+0.03791135086118605j),(0.008774233186288326+0.03770290538326926j),(-0.023304049056198588+0.04162307745393272j),(0.04666361195615498+0.03870472213529817j)
106,8930250000.0,(0.08784840620335128+0.018405305410157738j),(0.017970413868518546+0.014365927065582117j),(0.004183060525077295+0.007487675566416622j),(0.03751817224248543+0.021137232154441465j),(0.03554767565228292+0.01359988144801616j),(0.015640418767644427+0.02705217783487361j),(-0.006905387278870917+0.04305354904387472j),(0.05056153248387796+0.008551266865412813j)
107,8953031250.0,(0.06524543496696984-0.03326822286098664j),(0.013455287167530734-0.0015217658316436576j),(-0.002385548434064395-0.0012094463604600159j),(0.032395222832641395-0.005345393403444087j),(0.02675292039073715-0.006360713458181082j),(0.016766887799848286+0.013615665607869629j),(0.0038699160380732903+0.03674045612277435j),(0.0377271654847883-0.020137533309167305j)
108,8975812500.0,(0.024921926359230823-0.054328556102541725j),(-0.0041160782850474436-0.010582966621459897j),(-0.019708647649205314-0.0031123634070315087j),(0.009062236533603853-0.022262780945691257j),(0.007061231337607322-0.01979568295122453j),(0.006928404445640591+0.0027942951888206453j),(0.007724586339175207+0.02876729230919129j),(0.009661707006028034-0.037334541021100315j)
109,8998593750.0,(-0.011975429691998853-0.057071191782501224j),(-0.024386645121488845-0.0010901346909114975j),(-0.03508816084735746+0.016146188446162023j),(-0.017711690188606313-0.01706504245982208j),(-0.017409948489032014-0.014697651436081155j),(-0.005261643985915581+0.005098382671709306j),(0.00831939090605086+0.024702559894069373j),(-0.02439772332433782-0.03307801703139917j)
110,9021375000.0,(-0.05076581918312972-0.042633188236330416j),(-0.02708060145030475+0.02083819874585197j),(-0.024649450977026817+0.041294303331187734j),(-0.02972342206348002+0.0030247170267170406j),(-0.027248513368624296+0.0036594123067243043j),(-0.007963697648922897+0.013067204804609512j),(0.01036028451874296+0.02125439516384773j),(-0.044700968448938304-0.008560930703401077j)
111,9044156250.0,(-0.07347326910320215-0.004733790541068188j),(-0.013564062479189521+0.03194023913992949j),(-0.0019537457780539466+0.04637371779158862j),(-0.02382047391981792+0.019354000759321366j),(-0.023367540656054897+0.016906811446531535j),(-0.003789444919475346+0.01719210080131846j),(0.012787280300253062+0.01802767569667154j),(-0.04614298492683136+0.015802071110395256j)
112,9066937500.0,(-0.07103484678749256+0.035042180921244004j),(-0.0020045521671018343+0.030289989013082552j),(0.014913801687081545+0.03800289013423701j),(-0.014913520277205907+0.02244659884710478j),(-0.01800024923056784+0.02202038201887266j),(0.0009743009567466216+0.013584788235384762j),(0.018060967979730426+0.008533884806835965j),(-0.039369949602780535+0.03623795551298113j)
113,9089718750.0,(-0.05016762098496641+0.07226225133358469j),(0.0032875331951526844+0.023442578414487j),(0.022359641502330815+0.020614700217959796j),(-0.013340453824764176+0.02156045412977337j),(-0.015697554659605702+0.024933516791666218j),(-0.003535006679581249+0.00653976125947819j),(0.008740981138871048-0.008106521780846218j),(-0.02250434868639431+0.04957509836495862j)
114,9112500000.0,(-0.0008276687967402399+0.09060849858890055j),(-0.00023440727822659482+0.018657032509719656j),(0.013350463130750117+0.006835023895632748j),(-0.014876146558683676+0.02632961134638278j),(-0.014220317353615473+0.031021956421578713j),(-0.013903352106399433+0.009835619258697173j),(-0.011530673935753175-0.006725644858594651j),(-0.007153532187089584+0.05264049504700048j)
115,9135281250.0,(0.044284771521093516+0.06338353520380227j),(-0.0021473157407528067+0.022987540800742293j),(0.004196675661762361+0.00727140954188128j),(-0.008821910615049033+0.03495527905819325j),(-0.00577205666433795+0.03907965561476548j),(-0.0153790871485667+0.020975101971860206j),(-0.018794327084947757+0.005420323249811504j),(0.010895892743415115+0.05496207457455209j)
116,9158062500.0,(0.05141349738336495+0.024965744374574494j),(0.002853474846277517+0.025416981447965704j),(0.0015102109056855015+0.008384609125615042j),(0.002401560938178994+0.03572547982719025j),(0.007907616270228988+0.038489084627401415j),(-0.009391125260809402+0.027698294422559857j),(-0.02087892968527914+0.014297959996288995j),(0.031636624348663975+0.041643143328771726j)
117,9180843750.0,(0.04521749614747038+0.0005038751007049435j),(0.008383451227413592+0.02526249646879245j),(-0.0013141344531276316+0.010304391284271295j),(0.011037533692303089+0.033066696587674j),(0.017469947021622412+0.03210909654829163j),(-0.002206049104357047+0.031433134592938915j),(-0.018954936723887816+0.026529728700941075j),(0.036564474234708585+0.021419116904399158j)
118,9203625000.0,(0.03143080537035943-0.023323784179751974j),(0.017396750001944693+0.019785649489691574j),(0.0007861636614181055+0.012000289579202818j),(0.022147094828344406+0.024256198804656005j),(0.026717543408018064+0.02106762298839315j),(0.009470666580567621+0.030003590816472123j),(-0.0068375473388846315+0.033785014224785616j),(0.03612033659823167+0.0041153709094474515j)
119,9226406250.0,(0.0025485092806258576-0.03438274748737978j),(0.018098536348211104+0.004474433072561635j),(0.0005466073261929166+0.006305623345278299j),(0.02127656875520358+0.006485789407061208j),(0.0247717113553044+0.0014661333704113853j),(0.015062544313456777+0.01760751297421331j),(0.003153408889929649+0.028992476860542737j),(0.024491470090082963-0.016204973854126642j)
120,9249187500.0,(-0.023842632958749402-0.02624550315150412j),(0.004893759216271213-0.005018058990837652j),(-0.010111291930147693+0.005055873432498651j),(0.009498977572274234-0.0010367680593887602j),(0.00868075062742766-0.007799466072602167j),(0.00826030161659197+0.009962486356934714j),(0.004002166922115207+0.025091165187928588j),(0.00034388555081449855-0.022298630673635217j)
121,9271968750.0,(-0.04388879958989797-0.007478703612238208j),(-0.009565648339771214-0.0010480597171562064j),(-0.01643359150121034+0.01710304361243907j),(0.00023013609421946657-0.0019544588382799173j),(-0.00443150587549747-0.005130608273149511j),(0.004417784439443591+0.010248627264014296j),(0.008638451097307652+0.02546372269946755j),(-0.018868702743115466-0.012663074697190788j)
122,9294750000.0,(-0.04985303741645003+0.026630179979963982j),(-0.015686571398981917+0.010670300574273732j),(-0.010150373443541496+0.027532458330193854j),(-0.009740216111230436+0.0019967133476271083j),(-0.01379899700031359+0.0022927400463582026j),(0.0010924415752506366+0.008702378948193333j),(0.013333644685005119+0.017689093862773717j),(-0.027942486369414522+0.003526807135067641j)
123,9317531250.0,(-0.024936960240753488+0.05519820581141393j),(-0.013130070873559599+0.02146893080531556j),(-0.002125905002066315+0.03188677871639788j),(-0.01329541413183347+0.011919071752950736j),(-0.016311020868720646+0.013898073944232214j),(-0.0035870329806494076+0.0127124223852656j),(0.008631787199207578+0.012739641713467706j),(-0.028094444214345947+0.019648926816469438j)
124,9340312500.0,(0.006409470556300426+0.05403872255074083j),(-0.005370357217124919+0.028775024395102062j),(0.00993405721749866+0.033279427767864966j),(-0.010158988239855256+0.019773899284689277j),(-0.011968866676124066+0.023142199329707472j),(-0.0005318788464485332+0.017921767801189235j),(0.00894754511725496+0.013859084337183789j),(-0.020927721917440682+0.035591302968585106j)
125,9363093750.0,(0.024746037766768064+0.04238236822357096j),(0.006135444684275624+0.028582495761239293j),(0.021267726297347102+0.022797602520841655j),(-0.003480238105422476+0.023400653734386493j),(-0.003219819539651575+0.0279801005256807j),(0.0040270402329877445+0.016722507789228166j),(0.010521263661223811+0.00823724702867353j),(-0.002461887211867478+0.04355402309789916j)
126,9385875000.0,(0.040873025493477294+0.022556143220447022j),(0.01159214853366261+0.020255418647313977j),(0.019841130476793+0.008618043572416446j),(0.0015801193641024345+0.02117036915765807j),(0.004557085582254992+0.024722188479276076j),(0.004825674121307685+0.012920729783074313j),(0.004930913505273559+0.0033357033258709246j),(0.012221961514441727+0.03616548223913035j)
127,9408656250.0,(0.0358439406033731-0.009766136585390786j),(0.009189294349216412+0.015146154561262969j),(0.011096356042975576+0.0017148134159741587j),(0.002292778544106291+0.01958055193842442j),(0.005455582560633849+0.02179661605369984j),(0.0014431727878281226+0.010850075317567832j),(-0.0018989945675712992+0.0038868091846563837j),(0.017561705216988417+0.028891407572550445j)
128,9431437500.0,(0.008591565747464915-0.021928340296089616j),(0.008421849491843124+0.014801042439868088j),(0.0030039618625867922+0.0022974628982401595j),(0.003937982261716263+0.019994091123431097j),(0.009044734177199107+0.022085183452031882j),(-0.001089472703766651+0.013793765992549958j),(-0.006667380424945494+0.008474615257172146j),(0.02371833362836886+0.021145356406389995j)
129,9454218750.0,(-0.009806407673260834-0.015009261888565335j),(0.00926349216535605+0.012355438927857612j),(-0.0014753131706141485+0.004907903526114213j),(0.0070004865772318285+0.019126234102458978j),(0.013242173221132874+0.01717694492123046j),(0.00017199538269473298+0.01623463965159982j),(-0.00784414381105352+0.014401970739635641j),(0.02393848644507441+0.00847076428195739j)
130,9477000000.0,(-0.023630051711438525-0.004386087429022677j),(0.006949172247477051+0.0106359648684229j),(-0.005781715203024505+0.010053401939220587j),(0.008932178343230394+0.016368343272850326j),(0.012369430969856928+0.01227530871966328j),(0.0014560891270746007+0.018323171781860235j),(-0.005804603345117323+0.02140266818380298j),(0.01625843466501874+0.0005049284360057844j)
131,9499781250.0,(-0.02756779579864138+0.01805987169984349j),(0.00792319767258114+0.011631547488282303j),(-0.002096476978179947+0.017683022467744596j),(0.010287893050631101+0.014398717684821231j),(0.012140066853367593+0.009492780485429148j),(0.0066545056062576515+0.019639046426903367j),(0.0030965141251254134+0.02509549197773219j),(0.009913068153372482-0.0014984825047788444j)
132,9522562500.0,(-0.01168049100853608+0.03254046096059618j),(0.009179981653642847+0.00580494960665748j),(0.0037110983744861256+0.014921962348755823j),(0.012307214058718381+0.008598493257685807j),(0.010525177219115105+0.0033113642380707743j),(0.010693616725043119+0.013996106635772245j),(0.009582048635005367+0.019265969027974325j),(0.0032857432949461446-0.005050797074605694j)
133,9545343750.0,(0.0024042955215337275+0.031466855194525925j),(0.00028497712290708865+0.002276359979807848j),(0.0001826536409167863+0.013370118812024077j),(0.005226692548239792+0.001988087146298361j),(0.001207675144418407-3.0091959989817126e-05j),(0.007090438809749232+0.008900780295800133j),(0.008512718333395336+0.014685206184655684j),(-0.009613661735951844-0.0024402099121129672j)
134,9568125000.0,(0.012893302899409617+0.027373217165280826j),(-0.006192299798064018+0.009814224595453822j),(0.0004474614908677593+0.01827282045015453j),(-0.003041106356529549+0.006802974343800371j),(-0.006769600574274043+0.007261445999973175j),(0.0023396787854861475+0.010356981499221127j),(0.0071732615295324546+0.013518003771147213j),(-0.015624615033560739+0.011361984648133441j)
135,9590906250.0,(0.020070016647917292+0.016179892186118032j),(-0.004036023408292613+0.01803298481055033j),(0.00475140617587433+0.02090456868431158j),(-0.002071849733260782+0.013490529964114366j),(-0.004903499404069933+0.016372039442634465j),(0.0028894589032899907+0.015027033792025609j),(0.006869133861551005+0.014787182429701132j),(-0.010063832918791107+0.023381980239675543j)
136,9613687500.0,(0.017338197152236688+0.0048976094097925695j),(0.002816491417972298+0.021926954667927528j),(0.011694534468212881+0.020274241494957344j),(0.0015529243411372858+0.01539481623271524j),(0.0011196643969350359+0.01953759374761156j),(0.007817717175902891+0.014729506181101018j),(0.011236412339184307+0.013868756006653075j),(0.0003714648934222925+0.028494439068356865j)
137,9636468750.0,(0.010891595655311396-0.0016676392399767783j),(0.008929306852238673+0.01988360675288341j),(0.015234152831127216+0.013095178158865118j),(0.0033676937177015338+0.014628785395140764j),(0.005240958402777482+0.01901280335284257j),(0.007599730726278809+0.010889437590743432j),(0.010540703085891348+0.007538314806617248j),(0.009858639728809127+0.026268092452065156j)
138,9659250000.0,(0.0013251483452633179-0.003852865665311073j),(0.0123530503314366+0.0171447293406329j),(0.013165290101724136+0.008680084653629905j),(0.004145250746393466+0.015663648097985084j),(0.009026761315346174+0.01863758489859388j),(0.0066808833578694245+0.011526017410637746j),(0.0063847869001614444+0.007429613279989529j),(0.01592963860052511+0.02177408003680743j)
139,9682031250.0,(-0.006792038946367001+0.0015354687774190344j),(0.01510555014700481+0.011566802468216359j),(0.011570095638443596+0.0045994581159285765j),(0.0076562432497021575+0.014840412134368795j),(0.013266668629358318+0.014438986565299385j),(0.007884036013078723+0.00946924202009901j),(0.006093960672911335+0.006812350248987338j),(0.020048583781474106+0.013835626828375362j)
140,9704812500.0,(-0.008494305630660788+0.009838281598253448j),(0.011736914897625505+0.006717040632931551j),(0.005200569289277373+0.002946193266980834j),(0.007117486799950103+0.012383873628137958j),(0.011693354689196892+0.009581476157540764j),(0.0045798962270722585+0.008600173800768537j),(0.001772625924583657+0.006762749859799432j),(0.017099363235555873+0.006253974200107348j)
141,9727593750.0,(-0.004753976060428108+0.01604404662315957j),(0.009687168258717134+0.006152182797021242j),(0.0025426813200404375+0.0067205976003214644j),(0.00843862640738377+0.013431833064775703j),(0.010755455203940466+0.008679490034822929j),(0.004816810780739851+0.01120299867260222j),(0.001208573797344069+0.011445248674486073j),(0.013882472117769603+0.00271997981015j)
142,9750375000.0,(4.107673534368191e-05+0.01810943392730347j),(0.006431383372878394+0.004174587921115216j),(0.0013080642563391615+0.008491530798779187j),(0.009973807789686333+0.009631525384846247j),(0.009152818316733646+0.005308961832596989j),(0.005295900758035929+0.010378588405735356j),(0.002961609110038327+0.012660771350462795j),(0.0075065433602673134-0.0009224167571914741j)
143,9773156250.0,(0.005129240382754945+0.01953343924058623j),(0.0031399224753014725+0.007950703702093524j),(0.001750089324729674+0.013674817154869588j),(0.007259737683689146+0.00920527079865609j),(0.004815847713897481+0.006749839983783142j),(0.004615405283732632+0.012559231286572242j),(0.0042553464059725335+0.015069297689908197j),(0.0010718234859990843+0.003843729611680061j)
144,9795937500.0,(0.012352786544183852+0.01593358061948847j),(0.005525790214063669+0.009554670549574885j),(0.007101295223273954+0.014371545563351143j),(0.008913226478994576+0.009042960186473j),(0.006028342400551773+0.008929357113701877j),(0.008120488116156024+0.013486146507862286j),(0.008724401482549712+0.01517688235927712j),(0.0019909680231922243+0.007585430140036289j)
145,9818718750.0,(0.012375432116138467+0.008329285336889425j),(0.004555237704259654+0.009741743382372442j),(0.0082561094173772+0.012825193558044266j),(0.006970883822921577+0.00674498203538366j),(0.005381528606275627+0.008479331276488852j),(0.009775323549950175+0.011561672696958295j),(0.010800052656027851+0.012744551265022235j),(0.0008090247646989142+0.010099588521298494j)
146,9841500000.0,(0.009680645844352737+0.006674450504421787j),(0.006601085848554172+0.012357751191691801j),(0.011098245305011325+0.012526488677956159j),(0.006034483550380063+0.008445822214185963j),(0.006026664797819662+0.010783706406045014j),(0.011017334432930882+0.010119429280998472j),(0.012433128789590416+0.010385588190059317j),(0.004097607294137721+0.01451797992234376j)
147,9864281250.0,(0.009660133934869126+0.003907484710897002j),(0.008960051800801568+0.01116383827360366j),(0.012271876371204943+0.008963893501406917j),(0.006157055726594192+0.008095417078371128j),(0.008047043830938357+0.010093996508723807j),(0.011111681873720448+0.00751102929752941j),(0.011875299228529233+0.0070426688378317295j),(0.007970562468061972+0.01383849324144611j)
148,9887062500.0,(0.004780852172949469+0.001507932690287192j),(0.010474323053953738+0.01098297638698424j),(0.011903454427692611+0.00758328357047955j),(0.0058813025481299405+0.009757886274561435j),(0.00844098247211006+0.010062858895733969j),(0.010108829165398896+0.006138509051116321j),(0.010639240569877096+0.005913831454796369j),(0.010808367861277143+0.01366453614372684j)
149,9909843750.0,(0.0017195256034147873+0.0053894045550064995j),(0.012575511638998801+0.008430536152195682j),(0.011934572788716801+0.005060320317113846j),(0.007916310455208783+0.009945372914871024j),(0.010183331716146722+0.00946172699048659j),(0.008746992168781753+0.005096587826448723j),(0.009524214013970661+0.004322702551781446j),(0.014142236365611044+0.010502793691679316j)
150,9932625000.0,(0.003764141467668432+0.007381373291147918j),(0.012405828371418341+0.006514619098244304j),(0.010214617719332766+0.003985735972915917j),(0.009258399212344531+0.01007874353589118j),(0.011293744054846334+0.008498516845944586j),(0.007768594511753039+0.006099378600688403j),(0.007719390485932988+0.00468652777174336j),(0.01478172401327507+0.007315098783373405j)
151,9955406250.0,(0.004100633467228117+0.006717784617771436j),(0.013164781774095195+0.003367210640853641j),(0.00983774890505015+0.002502386902342264j),(0.01252748365849345+0.007485435834966769j),(0.013177062098579398+0.005563977221442024j),(0.008844518805931643+0.005453428850929283j),(0.007897607397970094+0.004359675568403165j),(0.015016895429234317+0.0025641141802608077j)
152,9978187500.0,(0.004033941337404609+0.008172601857675509j),(0.009151123088476591+0.0005529273114022368j),(0.006238574313863397+0.0016264266058970635j),(0.010150699868556934+0.003618116210689276j),(0.01033102126788356+0.002223239665060553j),(0.006907992787202202+0.004718203469545481j),(0.0054332689489525994+0.0041664573479542845j),(0.009851370487113927-0.0002598287242364893j)
153,10000968750.0,(0.006902429666958216+0.008618902176744601j),(0.007136943571265795+0.0027731061702850586j),(0.005063938917397373+0.004873375931150732j),(0.009254539509224209+0.004814101110275416j),(0.008891566837037254+0.0036218204650590603j),(0.00736087015276683+0.007123173592959733j),(0.005527212814413591+0.007523166966816536j),(0.007981023444381258+0.0019325653492129943j)
154,10023750000.0,(0.00804849235529852+0.00587058025655973j),(0.007110611439787951+0.002656442054106201j),(0.006473057759428255+0.005856661243157828j),(0.009694616701501946+0.002455000731336029j),(0.009217416471152214+0.002134481142606543j),(0.009706311896429148+0.0061209781371602155j),(0.008413894263161425+0.00768603656110793j),(0.007059370256905071+0.0012435420313276126j)
155,10046531250.0,(0.006994706788857327+0.005207209642968778j),(0.006217931584437442+0.003918852361987935j),(0.007664840315947499+0.006595616932904881j),(0.007256610097417487+0.0022627653031234746j),(0.007144340048119327+0.0022088113624997375j),(0.009853138504132004+0.004808359894642191j),(0.009752306779281864+0.006750972928280224j),(0.00554632381273903+0.003349654720875296j)
156,10069312500.0,(0.008116872224402678+0.004952787694733718j),(0.007562450757943748+0.0041445119064574916j),(0.009874801544711674+0.0055795979323943045j),(0.007360400762545897+0.002318895964389622j),(0.00755062738042423+0.0025543557765609726j),(0.01058727436887754+0.0034081451573258602j),(0.011468513671876054+0.0050024019261365816j),(0.0070042745958443856+0.0037312039727247616j)
157,10092093750.0,(0.008428537178943681+0.002943590812060681j),(0.007392790737732476+0.0038717278402567146j),(0.010351048256624442+0.003815572442850208j),(0.00585885527549821+0.002222806395440108j),(0.0064668672066954015+0.0021498186726538675j),(0.009886896633694374+0.0013258061689785574j),(0.011475876160662646+0.0022536473975175116j),(0.006463167482021024+0.004021152484892633j)
158,10114875000.0,(0.008116764059887392+0.0013855943687895878j),(0.008844858621069268+0.003817951123965941j),(0.011025183187502499+0.0018298487337678184j),(0.006444443801616773+0.003151081142278238j),(0.006806239447472805+0.0030995547431369916j),(0.00870481690711528+0.00011329596846249533j),(0.01067083973985207-6.812716764430064e-05j),(0.008558952071703757+0.0044586113215579854j)
159,10137656250.0,(0.006654760785680893-0.0010748729891444423j),(0.009023180203986073+0.0016331225707721j),(0.00960560233888202-0.0010330995227443621j),(0.006158308399584426+0.0021571224759913397j),(0.00703837870917223+0.0022025201413948562j),(0.0068662408538775425-0.0007885866723871652j),(0.008284101117741806-0.0022319485917330238j),(0.008918181077021758+0.002072624719750457j)
160,10160437500.0,(0.0032309255919362777-0.0008267806472328268j),(0.008105681217094617+0.0006812312240683034j),(0.007095139242815336-0.0019104683653967881j),(0.005875511522527418+0.002825478768092676j),(0.006767859600840745+0.002312385775696908j),(0.005005575756461332-0.00030483360627896563j),(0.005260189427685725-0.002185293604281388j),(0.00822376471651299+0.0013169712110497223j)
161,10183218750.0,(0.003105542816293768+0.0012026937807918673j),(0.006959588327141408-0.0001127135774635342j),(0.004693038261958741-0.0016041092556579027j),(0.006080542165953094+0.002418446519006846j),(0.006879401786741293+0.0017585929998295948j),(0.0037898135879009228+0.0010138389397136576j),(0.0031049294070202363-0.0007900044296772738j),(0.007376936878004181+0.00034803003296238937j)
162,10206000000.0,(0.0034000179263800655+0.00013137523142813098j),(0.006371441340366454+0.0003668799951069626j),(0.003650177014476748+0.00019821997096888767j),(0.0066185211790323545+0.0030795115440242736j),(0.007031983489664516+0.001977900146504114j),(0.004568176291544876+0.002898512094085361j),(0.0027699801821051903+0.001591295676398632j),(0.00703917688691724+0.0007034331159114439j)
163,10228781250.0,(0.0008074475360539909+0.0002561240309732935j),(0.006273421071731042-0.0009396816153557439j),(0.003792997591805079+0.0006602481965451597j),(0.008147507044496256+0.000743086886663139j),(0.008001214178929475+4.818309423289366e-05j),(0.006182405277121409+0.0020064408007597723j),(0.0038880380453295434+0.002065131924474281j),(0.006972007441937956-0.0011311861926442538j)
164,10251562500.0,(0.0002360717267650518+0.003406972144599119j),(0.003990967421479801-0.0008040599961665323j),(0.003230851876552615+0.0017119399340542315j),(0.0056366550021697825-0.0008226113822309776j),(0.005547091022804321-0.0013129997959703003j),(0.005390570164994168+0.0012268360009786562j),(0.003509661915609569+0.002429957294681009j),(0.004367151767694036-0.0008901674776213189j)
165,10274343750.0,(0.002822706996970524+0.004901715541313614j),(0.004215694196544788+0.00015012420575092017j),(0.004604691062849573+0.0022825744107070746j),(0.005448256769783476-0.0003955467812038131j),(0.0051414277085093055-0.00045332965778398194j),(0.005882961601781665+0.001317749077427642j),(0.004872284211644744+0.003466169262015532j),(0.0050411634044466545-1.6413399855741244e-05j)
166,10297125000.0,(0.004942632695887369+0.0036684184079619005j),(0.003053577952878953-0.0005059390349858688j),(0.004499132210622264+0.0012360771735533886j),(0.003757786507173045-0.002032712031193487j),(0.004095053794558547-0.0017733530260183525j),(0.005565020467425863-0.00019562198377195018j),(0.006067770318814655+0.0020002173522750003j),(0.00379325070304013-0.0012496324890609416j)
167,10319906250.0,(0.005396253567787496+0.0016157942529024948j),(0.0021318682846548525+0.0013703856673654747j),(0.004140605111075341+0.0016915001504318027j),(0.0016004374793685758-0.0003849034129824449j),(0.0020990120542468023-0.00048801245041797084j),(0.004266368975918351-0.0003315023409128995j),(0.005491118080954735+0.0010808639189580373j),(0.002727484782335317+0.00016711582489421415j)
168,10342687500.0,(0.004301155134736118+0.00010358092508148996j),(0.002950812090991609+0.0021814167815527737j),(0.00435419204226863+0.0016254248165123257j),(0.0013989625763377901+0.000704968920520782j),(0.002128513257266932+0.00047170825891547884j),(0.003535586016474557-0.0002545391327106925j),(0.005320188248299892+0.000653777608429296j),(0.002564423177772533+0.00029307336930198984j)
169,10365468750.0,(0.0033223980063483006+5.538480256437293e-06j),(0.003751096576361156+0.0029287704618670887j),(0.004735131932937215+0.001948132973802422j),(0.0013606887208993494+0.002495342215300871j),(0.0016978336315869253+0.0015608495532552738j),(0.002876376372468768+0.00036082772191444335j),(0.005026268629149249+1.3707771340805853e-05j),(0.002072953070803833+0.0018127492882746704j)
170,10388250000.0,(0.002957356069946892-0.0008132725238568421j),(0.005267084191433173+0.0018949174584594838j),(0.005601208344038323+0.0006698786047110838j),(0.003034115789823954+0.002494814272693771j),(0.0026567410457840035+0.0022286867278614323j),(0.0028119204326872635+0.0004029988420620322j),(0.004294893750414151-0.0008968873145920563j),(0.0034138816902309953+0.0019446934515167562j)
171,10411031250.0,(0.0006959827785668108-0.0014356929371846729j),(0.004326812559030889+0.0008441698303303358j),(0.004186648662423478-0.00040563955477503945j),(0.0022896095325009155+0.0023692637061377394j),(0.0024736118249358047+0.002427480482731439j),(0.0016841115281994792+0.0010274520036876885j),(0.0026286341698657837-0.0008640940609010286j),(0.002886662870181433+0.0019404172959896226j)
172,10433812500.0,(-0.0012510640604451954+0.0005929434349811959j),(0.004422875516399928+0.0010585019581843557j),(0.0035097410241924434-6.0317818526423126e-05j),(0.0036322983704194095+0.003371276411349859j),(0.00373223628141122+0.0033999997722267508j),(0.002350082307810471+0.0025519659457638073j),(0.0020448494225685033+1.845055718187414e-05j),(0.003989021929499145+0.0024823348778814413j)
173,10456593750.0,(-0.0010181962966333805+0.003048995958071978j),(0.003774523569342515+0.0002671608838410221j),(0.0024673325891900765-0.00010056264378129705j),(0.003912120110789626+0.002065679590864917j),(0.004556629733540306+0.0022770133375979475j),(0.0030581682757210285+0.0023718730906255227j),(0.0011827801025152988+0.00046855023631908396j),(0.0038190295188126246+0.0016049513950399065j)
174,10479375000.0,(0.0006658283836063852+0.004983748390315576j),(0.0033708112322177568+0.0013726436240053355j),(0.002016351354002638+0.001617296947604132j),(0.004063050457046874+0.003093904250566985j),(0.004737391850432042+0.002582700755599311j),(0.0035525080103984705+0.0031675232802324217j),(0.0009934633605787674+0.0026608986702726482j),(0.0041997049419942615+0.002670993471628115j)
